Winner,yBinary,title_bout,titleBoutBinary,no_of_rounds,weightClass,weight_class_Bantamweight,weight_class_Catch Weight,weight_class_Featherweight,weight_class_Flyweight,weight_class_Heavyweight,weight_class_Light Heavyweight,weight_class_Lightweight,weight_class_Middleweight,weight_class_Open Weight,weight_class_Welterweight,B_current_lose_streak,B_current_win_streak,B_avg_BODY_att,B_avg_BODY_landed,B_avg_CLINCH_att,B_avg_CLINCH_landed,B_avg_DISTANCE_att,B_avg_DISTANCE_landed,B_avg_GROUND_att,B_avg_GROUND_landed,B_avg_HEAD_att,B_avg_HEAD_landed,B_avg_KD,B_avg_LEG_att,B_avg_LEG_landed,B_avg_PASS,B_avg_REV,B_avg_SIG_STR_att,B_avg_SIG_STR_landed,B_avg_SIG_STR_pct,B_avg_SUB_ATT,B_avg_TD_att,B_avg_TD_landed,B_avg_TD_pct,B_avg_TOTAL_STR_att,B_avg_TOTAL_STR_landed,B_longest_win_streak,B_losses,B_avg_opp_BODY_att,B_avg_opp_BODY_landed,B_avg_opp_CLINCH_att,B_avg_opp_CLINCH_landed,B_avg_opp_DISTANCE_att,B_avg_opp_DISTANCE_landed,B_avg_opp_GROUND_att,B_avg_opp_GROUND_landed,B_avg_opp_HEAD_att,B_avg_opp_HEAD_landed,B_avg_opp_KD,B_avg_opp_LEG_att,B_avg_opp_LEG_landed,B_avg_opp_PASS,B_avg_opp_REV,B_avg_opp_SIG_STR_att,B_avg_opp_SIG_STR_landed,B_avg_opp_SIG_STR_pct,B_avg_opp_SUB_ATT,B_avg_opp_TD_att,B_avg_opp_TD_landed,B_avg_opp_TD_pct,B_avg_opp_TOTAL_STR_att,B_avg_opp_TOTAL_STR_landed,B_total_rounds_fought,B_total_time_fought(seconds),B_total_title_bouts,B_win_by_Decision_Majority,B_win_by_Decision_Split,B_win_by_Decision_Unanimous,B_win_by_KO/TKO,B_win_by_Submission,B_wins,B_Height_cms,B-R_Reach_cms,B_Weight_lbs,R_current_lose_streak,R_current_win_streak,R_avg_BODY_att,R_avg_BODY_landed,R_avg_CLINCH_att,R_avg_CLINCH_landed,R_avg_DISTANCE_att,R_avg_DISTANCE_landed,R_avg_GROUND_att,R_avg_GROUND_landed,R_avg_HEAD_att,R_avg_HEAD_landed,R_avg_KD,R_avg_LEG_att,R_avg_LEG_landed,R_avg_PASS,R_avg_REV,R_avg_SIG_STR_att,R_avg_SIG_STR_landed,R_avg_SIG_STR_pct,R_avg_SUB_ATT,R_avg_TD_att,R_avg_TD_landed,R_avg_TD_pct,R_avg_TOTAL_STR_att,R_avg_TOTAL_STR_landed,R_longest_win_streak,R_losses,R_avg_opp_BODY_att,R_avg_opp_BODY_landed,R_avg_opp_CLINCH_att,R_avg_opp_CLINCH_landed,R_avg_opp_DISTANCE_att,R_avg_opp_DISTANCE_landed,R_avg_opp_GROUND_att,R_avg_opp_GROUND_landed,R_avg_opp_HEAD_att,R_avg_opp_HEAD_landed,R_avg_opp_KD,R_avg_opp_LEG_att,R_avg_opp_LEG_landed,R_avg_opp_PASS,R_avg_opp_REV,R_avg_opp_SIG_STR_att,R_avg_opp_SIG_STR_landed,R_avg_opp_SIG_STR_pct,R_avg_opp_SUB_ATT,R_avg_opp_TD_att,R_avg_opp_TD_landed,R_avg_opp_TD_pct,R_avg_opp_TOTAL_STR_att,R_avg_opp_TOTAL_STR_landed,R_total_rounds_fought,R_total_time_fought(seconds),R_total_title_bouts,R_win_by_Decision_Majority,R_win_by_Decision_Split,R_win_by_Decision_Unanimous,R_win_by_KO/TKO,R_win_by_Submission,R_wins,R_Height_cms,R_Weight_lbs,B_age,R_age,B_Stance_Open Stance,B_Stance_Orthodox,B_Stance_Sideways,B_Stance_Southpaw,B_Stance_Switch,R_Stance_Open Stance,R_Stance_Orthodox,R_Stance_Southpaw,R_Stance_Switch
Blue,1,FALSE,0,5,middleweight,0,0,0,0,0,0,0,1,0,0,0,3,5.875,3.875,5.75,4.25,29.875,12.375,19.5,14.25,40.125,20.875,0,9.125,6.125,2,0,55.125,30.875,0.51375,0.375,2.125,1,0.52,66.625,41.625,3,2,6.625,4.25,3.875,2.375,24.125,7.25,3,1.5,21.375,4.875,0.125,3,2,0.75,0.125,31,11.125,0.32125,1,1.875,0.5,0.16625,34.375,14.125,13,378,0,0,0,1,3,2,6,185.42,12.7,185,0,1,10.5,6.916666667,6.583333333,4.083333333,34.16666667,14.66666667,9.666666667,8.083333333,37.66666667,18,0.25,2.25,1.916666667,2.25,0.166666667,50.41666667,26.83333333,0.506666667,0.666666667,3.666666667,1.083333333,0.303333333,64.58333333,39.33333333,5,3,5.25,3.25,3.583333333,2.166666667,53.08333333,19.08333333,6.25,3.5,55.16666667,19.41666667,0.25,2.5,2.083333333,0,0.083333333,62.91666667,24.75,0.410833333,0,0.25,0.083333333,0.083333333,73.33333333,33.91666667,23,509.1666667,0,0,0,1,4,4,9,185.42,185,30,39,0,1,0,0,0,0,1,0,0
Blue,1,TRUE,1,5,middleweight,0,0,0,0,0,0,0,1,0,0,0,5,16,11.4,10,8,101.6,51.6,2,1.6,77.4,32.6,0.8,20.2,17.2,0.4,0,113.6,61.2,0.55,0.2,0.6,0,0,121.6,68.8,5,0,8,4.6,7.2,4.8,84.4,23.2,0.4,0.4,73.4,15.6,0,10.6,8.2,0.6,0,92,28.4,0.324,0,8,1.2,0.122,101.4,36.4,14,821.6,0,0,1,2,2,0,5,193.04,22.86,185,0,2,10.92857143,8.142857143,8.428571429,5.214285714,88.71428571,35.71428571,7,4.571428571,86.78571429,31.71428571,0.642857143,6.428571429,5.642857143,1.142857143,0.357142857,104.1428571,45.5,0.457857143,0.142857143,1.285714286,0.642857143,0.225714286,122.7857143,61.57142857,5,4,14.07142857,8.642857143,8.571428571,5.5,75.5,25.85714286,3,2.428571429,67.78571429,21,0.071428571,5.214285714,4.142857143,1.214285714,0.357142857,87.07142857,33.78571429,0.382142857,0.214285714,4.428571429,1.642857143,0.258571429,101.0714286,46.07142857,35,707.4285714,1,0,3,2,3,2,10,175.26,185,29,27,0,0,0,0,1,0,0,1,0
Blue,1,FALSE,0,5,middleweight,0,0,0,0,0,0,0,1,0,0,0,2,12.5,12,15,12,84,42.5,0,0,74,33,0.5,12.5,9.5,0,0,99,54.5,0.575,0,0.5,0,0,114,68.5,2,0,9,6,11,8.5,89,25.5,0,0,72,13,0,19,15,1,0,100,34,0.38,0,10.5,2.5,0.265,114,46.5,5,708.5,0,0,1,0,1,0,2,193.04,15.24,185,0,4,11.3125,7.1875,10.25,6.75,82.3125,32.125,3.0625,2.125,72.25,23.875,0.1875,12.0625,9.9375,0.5,0.125,95.625,41,0.426875,0,2.9375,0.9375,0.210625,109.125,53.4375,5,4,9.6875,5.5625,12.375,7.9375,59.9375,21.875,2.6875,2.0625,52.8125,17.5,0.25,12.5,8.8125,0.5,0.0625,75,31.875,0.463125,0.4375,4.625,1.0625,0.195625,94.8125,50.3125,43,771.125,0,0,2,8,2,0,12,185.42,185,28,30,0,0,0,0,1,0,1,0,0
Red,0,FALSE,0,5,middleweight,0,0,0,0,0,0,0,1,0,0,0,1,12,8.2,6.2,4.3,56,26.8,11.7,8,48.8,21.1,0.7,13.1,9.8,0.6,0,73.9,39.1,0.57,0,4.6,1.7,0.271,91.6,55.8,8,1,16.3,8,4.5,2.3,77.1,26,3,1.9,58.3,14.8,0,10,7.4,0.6,0,84.6,30.2,0.344,0.1,3.5,0.7,0.119,93.2,37.6,30,758.2,2,0,1,1,7,0,9,182.88,0,185,0,8,11.16666667,6.5,9,5.333333333,113.3333333,42.83333333,8.916666667,5.666666667,111.8333333,40.41666667,0.666666667,8.25,6.916666667,0.833333333,0,131.25,53.83333333,0.441666667,0,0.5,0.333333333,0.25,140.9166667,62.83333333,8,2,15.08333333,8,6.833333333,4.666666667,97.83333333,33.41666667,1.75,1.416666667,78.58333333,21.58333333,0.166666667,12.75,9.916666667,0.166666667,0.166666667,106.4166667,39.5,0.378333333,0.083333333,4.416666667,0.583333333,0.0725,118.75,50.75,30,677.1666667,2,0,0,5,5,0,10,182.88,185,41,27,0,0,0,1,0,0,1,0,0
Red,0,TRUE,1,5,middleweight,0,0,0,0,0,0,0,1,0,0,0,1,9,7,3.375,2.25,29.75,15.25,21.375,15.75,40.25,21.5,0.25,5.25,4.75,1.5,0,54.5,33.25,0.60125,0.75,1.375,0.625,0.2375,63.75,41.5,5,2,5.75,4.125,2.5,2.25,35.25,13.625,1.5,1.25,30.25,9.75,0.375,3.25,3.25,0.5,0,39.25,17.125,0.4225,0,1.375,0.5,0.125,45.5,23,14,386.5,2,0,0,0,3,3,6,190.5,10.16,185,1,0,11.44444444,8,4.888888889,3.333333333,54.11111111,26.33333333,12.88888889,8.777777778,47.55555556,20.88888889,0.666666667,12.88888889,9.555555556,0.666666667,0,71.88888889,38.44444444,0.58,0,5.111111111,1.888888889,0.301111111,90.77777778,56.22222222,8,1,16.44444444,7.777777778,4.888888889,2.444444444,72.55555556,24,3.333333333,2.111111111,55.11111111,14,0,9.222222222,6.777777778,0.666666667,0,80.77777778,28.55555556,0.341111111,0.111111111,3.888888889,0.777777778,0.132222222,90.33333333,36.77777778,27,763.7777778,1,0,1,1,6,0,8,182.88,185,33,40,0,0,0,1,0,0,0,1,0
Red,0,FALSE,0,5,middleweight,0,0,0,0,0,0,0,1,0,0,0,2,11.5,8.5,20.5,13,35,18,29.5,20,72.5,42,0.5,1,0.5,2.5,0,85,51,0.675,0,3,1.5,0.5,100,63.5,2,0,10,8,8.5,6,29.5,14,3.5,2,27.5,10,0,4,4,0.5,0,41.5,22,0.55,0.5,3,1,0.2,48,28,4,537,0,0,0,1,1,0,2,185.42,2.54,185,3,0,10.86363636,7.545454545,5.454545455,3.772727273,43.04545455,20.40909091,8.318181818,5.045454545,37.31818182,15.45454545,0.590909091,8.636363636,6.227272727,1.818181818,0.090909091,56.81818182,29.22727273,0.522727273,0.363636364,1,0.636363636,0.279545455,66.59090909,38.63636364,8,8,8.045454545,4.045454545,6.681818182,4.5,42,12.72727273,3.409090909,2.227272727,32.95454545,8.363636364,0.136363636,11.09090909,7.045454545,0.5,0.045454545,52.09090909,19.45454545,0.312727273,0.318181818,3.363636364,0.772727273,0.215909091,65.95454545,32.5,56,694.7727273,5,0,1,6,6,1,14,185.42,185,30,39,0,0,0,1,0,0,0,1,0
Red,0,FALSE,0,5,middleweight,0,0,0,0,0,0,0,1,0,0,0,2,2,1.25,7.416666667,4.666666667,30.66666667,11.16666667,8.666666667,4.833333333,39.41666667,15.83333333,0.416666667,5.333333333,3.583333333,1.166666667,0,46.75,20.66666667,0.475,0.25,3.916666667,1.083333333,0.119166667,70.83333333,41.5,5,3,6.25,4.916666667,3.916666667,2.666666667,26.83333333,11.58333333,3.416666667,2.833333333,24.66666667,9.666666667,0.083333333,3.25,2.5,0,0,34.16666667,17.08333333,0.325,0,0.416666667,0,0,44.91666667,27.08333333,20,371.5,0,0,0,2,6,1,9,185.42,12.7,185,1,0,6,4,5.111111111,2.777777778,21.55555556,7.888888889,10.77777778,8.777777778,29.88888889,13.88888889,0.111111111,1.555555556,1.555555556,2.666666667,0.111111111,37.44444444,19.44444444,0.505555556,0.777777778,3.777777778,1.333333333,0.392222222,51.88888889,31.66666667,5,2,3.222222222,1.777777778,2.444444444,1.111111111,32.88888889,13.22222222,7.222222222,4.333333333,36.66666667,14.66666667,0.222222222,2.666666667,2.222222222,0,0.111111111,42.55555556,18.66666667,0.443333333,0,0.222222222,0,0,55.11111111,29.55555556,16,468.2222222,0,0,0,1,2,4,7,185.42,185,34,38,0,0,0,1,0,0,1,0,0
Blue,1,FALSE,0,5,middleweight,0,0,0,0,0,0,0,1,0,0,2,0,11.41666667,8.5,8.916666667,5.25,91.41666667,37.5,6.833333333,4.75,88.58333333,32.75,0.583333333,7.166666667,6.25,1.333333333,0.416666667,107.1666667,47.5,0.461666667,0.166666667,1.5,0.75,0.263333333,128.5833333,65.91666667,5,4,13.83333333,8.25,9.083333333,5.75,78.58333333,26.08333333,2.333333333,1.666666667,70.25,20.58333333,0.083333333,5.916666667,4.666666667,1.166666667,0.333333333,90,33.5,0.375833333,0.166666667,4.416666667,1.833333333,0.2925,105.1666667,46.66666667,31,737.8333333,1,0,2,2,2,2,8,175.26,-10.16,185,1,0,10.07142857,6.928571429,8.607142857,5.428571429,130,45.14285714,9.107142857,5.142857143,127.7857143,40.25,0.285714286,9.857142857,8.535714286,0.535714286,0.071428571,147.7142857,55.71428571,0.383214286,0.178571429,2.142857143,0.928571429,0.238571429,162.5714286,68.85714286,5,8,10.92857143,6.428571429,5.964285714,2.964285714,90.10714286,28.96428571,5.964285714,3.25,81.25,20.71428571,0.392857143,9.857142857,8.035714286,1.357142857,0.071428571,102.0357143,35.17857143,0.349642857,0.285714286,3.5,1.285714286,0.2375,114.0357143,45.17857143,78,777.9642857,4,0,2,8,10,0,20,185.42,185,26,38,0,0,0,1,0,0,1,0,0
Blue,1,TRUE,1,5,middleweight,0,0,0,0,0,0,0,1,0,0,0,12,15.66666667,11.42857143,5.904761905,4.571428571,76.04761905,34.0952381,30,21.04761905,83.57142857,38.52380952,0.380952381,12.71428571,9.761904762,5.571428571,0.238095238,111.952381,59.71428571,0.56,1.095238095,5.619047619,4.142857143,0.728571429,176.4285714,120.1428571,12,2,8.380952381,5.380952381,6.714285714,4.428571429,71.85714286,15.52380952,4.095238095,2.380952381,67.23809524,12.80952381,0.142857143,7.047619048,4.142857143,0.333333333,0.19047619,82.66666667,22.33333333,0.293333333,0.380952381,2.571428571,0.380952381,0.116190476,114.0952381,51.0952381,68,937.7142857,14,0,2,10,5,2,19,180.34,2.54,185,0,5,10.22222222,7.148148148,8.925925926,5.62962963,130.962963,45.88888889,9.37037037,5.259259259,129.1111111,41,0.296296296,9.925925926,8.62962963,0.555555556,0.074074074,149.2592593,56.77777778,0.388148148,0.185185185,2.222222222,0.962962963,0.247407407,163.8518519,69.59259259,5,7,10.88888889,6.481481481,6.148148148,3.037037037,90.03703704,28.59259259,5.222222222,2.666666667,80.85185185,19.96296296,0.37037037,9.666666667,7.851851852,1.333333333,0.074074074,101.4074074,34.2962963,0.344444444,0.259259259,3.481481481,1.222222222,0.218518519,113.4074074,44.33333333,75,774.8148148,3,0,2,8,10,0,20,185.42,185,36,38,0,1,0,0,0,0,1,0,0
Red,0,FALSE,0,5,middleweight,0,0,0,0,0,0,0,1,0,0,2,0,11.28571429,7.857142857,5.714285714,3.952380952,44.61904762,21.23809524,8.714285714,5.285714286,38.80952381,16.0952381,0.619047619,8.952380952,6.523809524,1.904761905,0.095238095,59.04761905,30.47619048,0.533333333,0.380952381,1.047619048,0.666666667,0.292857143,69.28571429,40.33333333,8,7,8.380952381,4.238095238,7,4.714285714,43.0952381,13.0952381,3.333333333,2.095238095,33.71428571,8.380952381,0.095238095,11.33333333,7.285714286,0.523809524,0.047619048,53.42857143,19.9047619,0.308095238,0.333333333,3.523809524,0.80952381,0.226190476,67.95238095,33.57142857,55,720.7142857,5,0,1,6,6,1,14,185.42,-7.62,185,0,1,2.090909091,1.363636364,8.090909091,5.090909091,31.72727273,11.72727273,9,4.818181818,41.45454545,16.54545455,0.363636364,5.272727273,3.727272727,1.272727273,0,48.81818182,21.63636364,0.480909091,0.272727273,4.272727273,1.181818182,0.13,75.09090909,44.36363636,5,3,6.636363636,5.272727273,4.272727273,2.909090909,28.36363636,12.36363636,3.727272727,3.090909091,26.36363636,10.36363636,0.090909091,3.363636364,2.727272727,0,0,36.36363636,18.36363636,0.327272727,0,0.454545455,0,0,48.09090909,29.27272727,19,391.6363636,0,0,0,2,5,1,8,185.42,185,39,33,0,0,0,1,0,0,0,1,0
Red,0,FALSE,0,5,middleweight,0,0,0,0,0,0,0,1,0,0,0,1,8.2,6.2,9.6,7.8,33.4,8.2,5.4,3.2,33.6,7.6,0,6.6,5.4,2,0,48.4,19.2,0.43,0,6,2,0.396,88,53,2,2,4.6,3.4,6.6,4.4,28.4,6.2,1.6,0.6,31.2,7.6,0,0.8,0.2,0,0,36.6,11.2,0.376,0.6,1.8,1.2,0.3,48.2,20,14,771.8,0,0,1,2,0,0,3,185.42,2.54,185,1,0,8.428571429,6.857142857,2.857142857,2.142857143,29.42857143,14.42857143,17.85714286,13.14285714,37.28571429,18.85714286,0.285714286,4.428571429,4,1.428571429,0,50.14285714,29.71428571,0.59,0.857142857,0.857142857,0.428571429,0.214285714,59,37.71428571,5,2,4.857142857,3.285714286,1.428571429,1.428571429,33.71428571,13.14285714,1.714285714,1.428571429,28.57142857,9.285714286,0.428571429,3.428571429,3.428571429,0.571428571,0,36.85714286,16,0.42,0,1.285714286,0.428571429,0.071428571,40.28571429,19,12,363.8571429,2,0,0,0,2,3,5,190.5,185,35,32,0,1,0,0,0,0,0,1,0
Red,0,FALSE,0,5,middleweight,0,0,0,0,0,0,0,1,0,0,1,0,12.09090909,8.909090909,9.454545455,5.545454545,96.63636364,39.63636364,6.545454545,4.272727273,92.81818182,33.81818182,0.545454545,7.727272727,6.727272727,1.454545455,0.454545455,112.6363636,49.45454545,0.453636364,0.181818182,1.636363636,0.818181818,0.287272727,135.7272727,69.36363636,5,3,14,8.454545455,9.090909091,5.727272727,80.36363636,26.27272727,1.818181818,1.272727273,71.27272727,20.18181818,0.090909091,6,4.636363636,0.818181818,0.363636364,91.27272727,33.27272727,0.367272727,0,3.636363636,1.363636364,0.270909091,103.4545455,44.09090909,28,729.9090909,1,0,2,2,2,2,8,175.26,-17.78,185,3,0,7.25,4.166666667,4.583333333,3,48.66666667,17.41666667,14.66666667,9.666666667,56.25,22.66666667,0.25,4.416666667,3.25,2.333333333,0,67.91666667,30.08333333,0.465833333,0.666666667,4.75,2.416666667,0.6475,86,45.25,9,3,8.833333333,6.333333333,8,5.333333333,48.91666667,18.75,9.75,7.25,52.83333333,21,0.083333333,5,4,0.416666667,0.083333333,66.66666667,31.33333333,0.4225,0.083333333,1.25,0.333333333,0.096666667,78.08333333,40.91666667,29,604.5,5,0,0,3,4,2,9,187.96,185,25,33,0,0,0,1,0,0,1,0,0
Blue,1,TRUE,1,5,middleweight,0,0,0,0,0,0,0,1,0,0,0,7,7.454545455,5,8.727272727,5.181818182,105.9090909,41.36363636,8.454545455,5.454545455,107.1818182,39.90909091,0.727272727,8.454545455,7.090909091,0.818181818,0,123.0909091,52,0.451818182,0,0.545454545,0.363636364,0.272727273,131.5454545,60,7,2,14.81818182,7.636363636,7.181818182,4.818181818,97.63636364,32.72727273,1.545454545,1.181818182,79.54545455,21.72727273,0.181818182,12,9.363636364,0.181818182,0.181818182,106.3636364,38.72727273,0.372727273,0.090909091,3.181818182,0.272727273,0.059090909,113.6363636,45,25,602.3636364,1,0,0,4,5,0,9,182.88,0,185,0,8,10.625,7.5,5.125,3.375,48.375,24.5,14,9.375,45,21,0.75,11.875,8.75,0.75,0,67.5,37.25,0.5975,0,3.5,1.625,0.31125,80.25,49,8,0,12,5.875,4,1.875,57.25,19.625,2,1.375,41.625,10,0,9.625,7,0.625,0,63.25,22.875,0.3425,0.125,4.375,0.875,0.14875,71.125,29.625,22,671.75,0,0,1,1,6,0,8,182.88,185,26,40,0,1,0,0,0,0,0,1,0
Red,0,FALSE,0,5,middleweight,0,0,0,0,0,0,0,1,0,0,0,5,2.125,1.125,5.25,3.375,30.375,10.375,11.5,5.875,40.25,15.25,0.375,4.75,3.25,1.75,0,47.125,19.625,0.48,0.375,4.25,1.375,0.15375,72.125,42.125,5,1,6.5,5.375,3.125,2.125,26,10.625,3.375,2.875,22,7,0,4,3.25,0,0,32.5,15.625,0.28,0,0.625,0,0,47,29,14,385.625,0,0,0,2,4,1,7,185.42,10.16,185,0,5,7.555555556,5.111111111,9.111111111,5.444444444,115.6666667,43.88888889,7,4.444444444,114.1111111,40.22222222,0.666666667,10.11111111,8.444444444,1,0,131.7777778,53.77777778,0.434444444,0,0.666666667,0.444444444,0.333333333,141.6666667,63.11111111,5,2,17.44444444,8.888888889,6.444444444,4.444444444,113,38.33333333,1.888888889,1.444444444,89.22222222,23.88888889,0.222222222,14.66666667,11.44444444,0.111111111,0.222222222,121.3333333,44.22222222,0.377777778,0.111111111,3.222222222,0.222222222,0.035555556,129.1111111,50.77777778,22,652.3333333,1,0,0,4,3,0,7,182.88,185,32,25,0,0,0,1,0,0,1,0,0
Red,0,FALSE,0,5,middleweight,0,0,0,0,0,0,0,1,0,0,2,0,9.3,6,3.8,3.1,43.7,20.7,7.7,5.4,36.9,15,0.3,9,8.2,0.1,0.4,55.2,29.2,0.542,0.2,1.7,0.7,0.324,65.8,38.8,3,5,8,4.6,7.1,5.5,47.2,17.6,6.2,3.8,38,10.1,0.1,14.5,12.2,2.1,0,60.5,26.9,0.491,0.2,3.1,0.8,0.242,85.8,48.6,21,559.5,1,0,0,1,2,0,5,182.88,7.62,185,0,3,6.2,4.2,6.4,3.8,59.6,26.3,13.1,9.5,64.9,28.4,0.2,8,7,2.1,0.1,79.1,39.6,0.505,0.3,1.4,0.8,0.325,106.5,63,3,3,5.3,2.3,1.2,0.7,41.5,10.4,4.1,3.1,36.8,8.5,0.1,4.7,3.4,0.9,0,46.8,14.2,0.355,0.2,3.2,0.6,0.123,51.7,18.8,24,643.7,0,0,0,3,3,1,7,187.96,185,32,31,0,1,0,0,0,0,1,0,0
Red,0,TRUE,1,5,middleweight,0,0,0,0,0,0,0,1,0,0,0,1,5.647058824,4.705882353,12.52941176,8.705882353,33.82352941,11.41176471,8.647058824,6.058823529,43.11764706,16.52941176,0.411764706,6.235294118,4.941176471,0.588235294,0.176470588,55,26.17647059,0.507058824,0.294117647,1.823529412,0.823529412,0.231764706,70.47058824,40.70588235,4,8,8.588235294,7,8.294117647,5.235294118,43.64705882,18.52941176,14.17647059,9.941176471,52.47058824,22.41176471,0.647058824,5.058823529,4.294117647,2,0,66.11764706,33.70588235,0.521764706,0.470588235,2.882352941,1.058823529,0.32,92.70588235,58.64705882,42,688.5294118,3,0,2,3,4,0,9,180.34,-2.54,185,0,4,9.961538462,7.038461538,9.076923077,5.807692308,123.4615385,43.19230769,9.576923077,5.384615385,122.8076923,39.11538462,0.307692308,9.346153846,8.230769231,0.576923077,0.076923077,142.1153846,54.38461538,0.389615385,0.192307692,2.307692308,1,0.256923077,156.7692308,67.26923077,4,7,11.03846154,6.5,6.153846154,3.076923077,86.03846154,26.96153846,4.653846154,2.461538462,76.96153846,18.96153846,0.307692308,8.846153846,7.038461538,1.346153846,0.076923077,96.84615385,32.5,0.343846154,0.269230769,3.461538462,1.230769231,0.217307692,109.0384615,42.69230769,70,746.9230769,2,0,2,7,10,0,19,185.42,185,46,37,0,1,0,0,0,0,1,0,0
Blue,1,TRUE,1,5,middleweight,0,0,0,0,0,0,0,1,0,0,0,3,10.24,7.2,9.4,6,126.56,44.24,9.84,5.48,126,40.12,0.24,9.56,8.4,0.6,0.08,145.8,55.72,0.3884,0.2,2.4,1.04,0.2672,161.04,69.12,4,7,11.12,6.44,6.36,3.16,88.04,27.4,4.84,2.56,79.08,19.48,0.32,9.04,7.2,1.4,0.08,99.24,33.12,0.3396,0.28,3.6,1.28,0.226,111.92,43.72,69,768.16,1,0,2,7,9,0,18,185.42,-5.08,185,0,5,8.333333333,6.666666667,3.166666667,2.333333333,28.33333333,14.16666667,20.83333333,15.33333333,39.5,21,0.333333333,4.5,4.166666667,1.666666667,0,52.33333333,31.83333333,0.613333333,1,1,0.5,0.25,62.66666667,41.16666667,5,1,5.166666667,3.333333333,1.5,1.5,31.66666667,12.5,1.5,1.166666667,26.16666667,8.5,0.166666667,3.333333333,3.333333333,0.666666667,0,34.66666667,15.16666667,0.42,0,1.5,0.5,0.083333333,38.66666667,18.66666667,11,388.5,1,0,0,0,2,3,5,190.5,185,37,31,0,1,0,0,0,0,0,1,0
Blue,1,FALSE,0,5,middleweight,0,0,0,0,0,0,0,1,0,0,0,2,9.833333333,7,9.541666667,6.083333333,119.375,42,9.791666667,5.458333333,120.7916667,39.375,0.208333333,8.083333333,7.166666667,0.625,0.083333333,138.7083333,53.54166667,0.390416667,0.208333333,2.458333333,1.083333333,0.278333333,154.4166667,67.33333333,4,7,10.83333333,6.083333333,6.416666667,3.125,86.45833333,25.66666667,4.875,2.583333333,78.04166667,18.33333333,0.291666667,8.875,6.958333333,1.458333333,0.083333333,97.75,31.375,0.330833333,0.291666667,3.75,1.333333333,0.235416667,110.9583333,42.41666667,64,737.6666667,1,0,2,6,9,0,17,185.42,-5.08,185,3,0,7.526315789,6.315789474,6.315789474,5.368421053,34.94736842,19.36842105,9.105263158,7.105263158,33.31578947,17.47368421,0.894736842,9.526315789,8.052631579,0.157894737,0.052631579,50.36842105,31.84210526,0.675789474,0.315789474,0.210526316,0.157894737,0.157894737,60.42105263,40.57894737,16,3,4.578947368,2.526315789,4.526315789,2.315789474,34.73684211,9.894736842,11.73684211,6.789473684,39.42105263,12.05263158,0.105263158,7,4.421052632,0.789473684,0.052631579,51,19,0.331578947,0.210526316,3.263157895,0.684210526,0.210526316,75.47368421,40.73684211,44,567.3157895,13,0,0,2,11,3,16,187.96,185,36,40,0,1,0,0,0,0,0,1,0
Blue,1,TRUE,1,5,middleweight,0,0,0,0,0,0,0,1,0,0,0,4,5.6,4.4,1.2,1,17.4,8.2,6,3.8,16,6,0.4,3,2.6,1,0,24.6,13,0.606,1,0.4,0.2,0.2,29.4,17.2,4,1,2.4,0.4,0.4,0.4,24.6,7,1.6,1.2,21.2,5.2,0.2,3,3,0,0,26.6,8.6,0.376,0,0.6,0,0,28,10,7,247.8,0,0,0,0,1,3,4,190.5,-2.54,185,0,9,5.555555556,2.555555556,5.222222222,3.222222222,49.22222222,16,19.33333333,12.77777778,64.11111111,26.22222222,0.333333333,4.111111111,3.222222222,2.444444444,0,73.77777778,32,0.473333333,0.777777778,4.111111111,2.333333333,0.721111111,94.66666667,49.66666667,9,0,8.333333333,5.666666667,6.777777778,4.333333333,45.44444444,15.55555556,0.666666667,0.444444444,41,12.11111111,0,3.555555556,2.555555556,0,0.111111111,52.88888889,20.33333333,0.383333333,0,0.777777778,0,0,62,27.55555556,20,560.5555556,4,0,0,3,4,2,9,187.96,185,31,31,0,0,0,1,0,0,1,0,0
Red,0,FALSE,0,5,middleweight,0,0,0,0,0,0,0,1,0,0,0,1,6.333333333,5.333333333,14,9.733333333,36.4,12.13333333,9.666666667,6.733333333,47.2,18.13333333,0.4,6.533333333,5.133333333,0.666666667,0.2,60.06666667,28.6,0.480666667,0.333333333,2.066666667,0.933333333,0.262666667,76.93333333,44.4,4,7,9.466666667,7.8,8.533333333,5.4,47.73333333,20.06666667,15.2,10.8,56.26666667,23.6,0.6,5.733333333,4.866666667,2.133333333,0,71.46666667,36.26666667,0.518,0.4,3.133333333,1.066666667,0.296,100.1333333,63.06666667,39,746.0666667,3,0,2,3,3,0,8,180.34,0,185,1,0,1.3,0.9,4.55,2.6,11.8,4.15,6,4.25,19.85,9.05,0.5,1.2,1.05,0.5,0.05,22.35,11,0.511,0.4,0.4,0.3,0.1375,27.05,15.25,3,7,2.1,1.2,4.65,3.35,13.75,4.3,10.55,7.75,22.05,10.4,0.15,4.8,3.8,0.55,0.05,28.95,15.4,0.444,0.1,1.55,0.55,0.1805,42.85,28.35,30,315.1,6,0,0,0,10,2,13,182.88,185,45,38,0,1,0,0,0,0,0,1,0
Red,0,FALSE,0,5,middleweight,0,0,0,0,0,0,0,1,0,0,0,5,3,1.692307692,4,2.230769231,40.84615385,11.92307692,10.69230769,7.153846154,49.15384615,16.61538462,0.307692308,3.384615385,3,4,0,55.53846154,21.30769231,0.401538462,1.153846154,5.846153846,1.846153846,0.321538462,74.53846154,38.76923077,5,3,5.769230769,3.923076923,6.384615385,4.153846154,47.38461538,19.92307692,5.692307692,4.076923077,45.69230769,17,0.153846154,8,7.230769231,0.230769231,0.076923077,59.46153846,28.15384615,0.414615385,0.230769231,0.615384615,0.384615385,0.054615385,68.69230769,36.61538462,31,640.3846154,1,0,1,3,2,4,10,185.42,7.62,185,0,1,9.826086957,7.043478261,9.739130435,6.130434783,112.826087,39.13043478,10.13043478,5.608695652,116.0869565,37.91304348,0.217391304,6.782608696,5.913043478,0.652173913,0.086956522,132.6956522,50.86956522,0.389565217,0.217391304,2.565217391,1.130434783,0.290434783,148.9130435,65.17391304,4,7,10.65217391,5.956521739,6.043478261,3,82.43478261,23.60869565,5.086956522,2.695652174,74.65217391,17,0.304347826,8.260869565,6.347826087,1.52173913,0.086956522,93.56521739,29.30434783,0.327826087,0.304347826,3.739130435,1.347826087,0.234782609,107.2173913,40.7826087,59,704.5217391,1,0,1,6,9,0,16,185.42,185,33,36,0,1,0,0,0,0,1,0,0
Blue,1,FALSE,0,5,middleweight,0,0,0,0,0,0,0,1,0,0,0,5,11.6,8.8,7.4,5,50,25.6,10.2,7.8,43.4,20.4,0.8,12.6,9.2,1,0,67.6,38.4,0.646,0,4.4,2,0.266,83,53,5,0,9.4,3.8,6,3,61,18.4,1.6,0.6,49.8,11.2,0,9.4,7,0.6,0,68.6,22,0.288,0.2,4,1,0.186,76.8,29.6,13,630.4,0,0,0,1,4,0,5,182.88,-2.54,185,1,0,10.85,7.7,5.95,4.15,43.7,20.75,9.15,5.55,39.4,16.6,0.65,8.55,6.15,2,0.1,58.8,30.45,0.536,0.4,1.1,0.7,0.3075,69.55,40.8,8,6,7.9,4,7.3,4.9,42.1,12,3.2,1.9,33.85,8,0.1,10.85,6.8,0.5,0.05,52.6,18.8,0.2935,0.35,3.6,0.8,0.2125,67.75,33.05,52,721.85,5,0,1,6,6,1,14,185.42,185,38,37,0,0,0,1,0,0,0,1,0
Blue,1,FALSE,0,5,middleweight,0,0,0,0,0,0,0,1,0,0,2,0,6.785714286,5.714285714,14.85714286,10.35714286,38.71428571,12.78571429,9.714285714,6.642857143,49.5,18.57142857,0.357142857,7,5.5,0.714285714,0.214285714,63.28571429,29.78571429,0.457857143,0.357142857,2.214285714,1,0.281428571,81.35714286,46.71428571,4,7,10.07142857,8.357142857,9.142857143,5.785714286,50.71428571,21.28571429,16.28571429,11.57142857,59.92857143,25.07142857,0.642857143,6.142857143,5.214285714,2.285714286,0,76.14285714,38.64285714,0.519285714,0.428571429,3.357142857,1.142857143,0.317142857,106.8571429,67.35714286,38,797.3571429,3,0,2,3,2,0,7,180.34,0,185,1,0,10.5,7.3125,11.8125,8.125,40.875,17.4375,4,3.0625,40.375,16.4375,0.375,5.8125,4.875,0.75,0.125,56.6875,28.625,0.50375,0.6875,3.5625,1.1875,0.18375,77.75,47.25,4,7,9.8125,7.8125,10.75,6.6875,43.75,13.25,12.1875,8.0625,51.5,16.1875,0,5.375,4,1.3125,0,66.6875,28,0.43625,0.5625,2.75,1.25,0.325,91.5,50.5625,38,631.9375,0,0,2,3,4,0,9,182.88,185,44,34,0,1,0,0,0,0,1,0,0
Red,0,TRUE,1,5,middleweight,0,0,0,0,0,0,0,1,0,0,0,3,1.157894737,0.789473684,4.210526316,2.315789474,11.31578947,3.842105263,6.315789474,4.473684211,19.42105263,8.736842105,0.526315789,1.263157895,1.105263158,0.526315789,0.052631579,21.84210526,10.63157895,0.508421053,0.421052632,0.421052632,0.315789474,0.144736842,26.57894737,15.05263158,3,6,2.105263158,1.263157895,4.894736842,3.526315789,13.84210526,4.368421053,8.105263158,5.894736842,19.68421053,8.526315789,0.157894737,5.052631579,4,0.473684211,0.052631579,26.84210526,13.78947368,0.432631579,0.105263158,1.526315789,0.526315789,0.163684211,41.26315789,27.21052632,29,322.5789474,5,0,0,0,10,2,13,182.88,-10.16,185,0,8,6,2.875,5.875,3.625,53.875,17.625,14.625,9,63.75,23.75,0.375,4.625,3.625,2.5,0,74.375,30.25,0.45,0.875,4.375,2.5,0.74875,97.375,49.625,8,0,8.875,6,6.25,3.875,48.5,16.25,0.75,0.5,42.625,11.75,0,4,2.875,0,0.125,55.5,20.625,0.36125,0,0.875,0,0,65.25,28.625,19,609,3,0,0,3,3,2,8,187.96,185,38,30,0,0,0,1,0,0,1,0,0
Blue,1,FALSE,0,5,middleweight,0,0,0,0,0,0,0,1,0,0,0,3,6,4.5,1.25,1,16,7.5,2.5,2,11.5,4,0.5,2.25,2,0.25,0,19.75,10.5,0.6275,0.75,0.25,0,0,21,11.75,3,1,2.75,0.5,0.5,0.5,24.5,5.75,1.5,1.25,21.5,4.75,0.25,2.25,2.25,0,0,26.5,7.5,0.35,0,0.75,0,0,26.75,7.75,5,197,0,0,0,0,1,2,3,190.5,7.62,185,0,1,11.36842105,8.105263158,6.263157895,4.368421053,44.68421053,21.21052632,9.526315789,5.789473684,40.42105263,17.10526316,0.684210526,8.684210526,6.157894737,2.105263158,0.105263158,60.47368421,31.36842105,0.538947368,0.421052632,1.157894737,0.736842105,0.323684211,71.47368421,41.94736842,8,5,8.105263158,4,7.631578947,5.105263158,43.10526316,12.05263158,2.315789474,1.421052632,33.84210526,7.684210526,0.105263158,11.10526316,6.894736842,0.315789474,0.052631579,53.05263158,18.57894737,0.281578947,0.263157895,3.736842105,0.789473684,0.171052632,68,32.73684211,50,736.1052632,5,0,1,6,6,1,14,185.42,185,30,36,0,0,0,1,0,0,0,1,0
Red,0,FALSE,0,5,middleweight,0,0,0,0,0,0,0,1,0,0,0,2,6.857142857,4.928571429,5,3.357142857,29.28571429,11.78571429,11.42857143,6.5,36,14.28571429,0.142857143,2.857142857,2.428571429,2.285714286,0.357142857,45.71428571,21.64285714,0.472857143,0.642857143,3.785714286,2.071428571,0.482142857,67.21428571,39.71428571,3,5,5.642857143,3.714285714,2.571428571,1.285714286,30.71428571,12.28571429,5.428571429,2.928571429,31,11.14285714,0.214285714,2.071428571,1.642857143,0.714285714,0.142857143,38.71428571,16.5,0.434285714,1.142857143,1.285714286,0.214285714,0.112857143,56.85714286,31.21428571,27,485.7142857,1,0,1,4,2,2,9,187.96,5.08,185,1,0,11.94444444,8.5,6.388888889,4.5,46.83333333,22.16666667,9.555555556,5.777777778,41.72222222,17.5,0.666666667,9.111111111,6.444444444,2.222222222,0.111111111,62.77777778,32.44444444,0.533888889,0.444444444,1.222222222,0.777777778,0.341666667,74.38888889,43.61111111,8,5,8.555555556,4.222222222,8.055555556,5.388888889,45.38888889,12.72222222,2.444444444,1.5,35.66666667,8.111111111,0.111111111,11.66666667,7.277777778,0.333333333,0.055555556,55.88888889,19.61111111,0.297222222,0.277777778,3.944444444,0.833333333,0.180555556,71.66666667,34.55555556,49,773.5555556,5,0,1,6,5,1,13,185.42,185,31,36,0,1,0,0,0,0,0,1,0
Red,0,FALSE,0,5,middleweight,0,0,0,0,0,0,0,1,0,0,0,1,10.04761905,7.476190476,10.57142857,6.619047619,111.3333333,38.85714286,10.71428571,5.904761905,116.2380952,38.38095238,0.238095238,6.333333333,5.523809524,0.714285714,0.095238095,132.6190476,51.38095238,0.397619048,0.238095238,2.714285714,1.238095238,0.318095238,150.1428571,66.80952381,4,6,10.76190476,6,6.380952381,3.19047619,83.28571429,23.23809524,4.619047619,2.476190476,75,16.42857143,0.238095238,8.523809524,6.476190476,1.619047619,0.095238095,94.28571429,28.9047619,0.31952381,0.285714286,3.714285714,1.380952381,0.245238095,109.0952381,41.38095238,54,711.7619048,1,0,1,5,9,0,15,185.42,-5.08,185,0,2,4.333333333,3.666666667,1,1,10.33333333,5,1.333333333,1.333333333,6.333333333,2,0.333333333,2,1.666666667,0,0,12.66666667,7.333333333,0.676666667,0.666666667,0.333333333,0,0,14.33333333,9,2,1,1.333333333,0.333333333,0.333333333,0.333333333,11.33333333,2.666666667,2,1.666666667,11,3,0.333333333,1.333333333,1.333333333,0,0,13.66666667,4.666666667,0.386666667,0,0.333333333,0,0,14,5,3,143.6666667,0,0,0,0,1,1,2,190.5,185,35,30,0,1,0,0,0,0,0,1,0
Red,0,FALSE,0,5,middleweight,0,0,0,0,0,0,0,1,0,0,0,1,9.666666667,4.333333333,3.333333333,1.666666667,83,38,8.666666667,5,74.66666667,31.33333333,0,10.66666667,9,1,0.333333333,95,44.66666667,0.493333333,0.666666667,1,0,0,111.6666667,58.66666667,1,1,7.333333333,3,0.666666667,0,70.33333333,14.66666667,3,1.666666667,61.33333333,9.666666667,0,5.333333333,3.666666667,0.666666667,0,74,16.33333333,0.253333333,0,3.666666667,0.666666667,0.276666667,77,19.33333333,9,879,0,0,0,1,0,1,2,187.96,10.16,185,0,3,4,2,9.666666667,4.666666667,18,5.333333333,9.333333333,7.333333333,32,14.33333333,0.333333333,1,1,2.333333333,0.333333333,37,17.33333333,0.473333333,1.333333333,2.666666667,1,0.276666667,53,30.66666667,3,0,2.666666667,0.666666667,1.666666667,0.333333333,30.33333333,7.666666667,0,0,27.33333333,6,0,2,1.333333333,0,0.333333333,32,8,0.21,0,0.333333333,0,0,46.33333333,18.33333333,5,428,0,0,0,1,1,1,3,185.42,185,29,34,0,1,0,0,0,0,1,0,0
Red,0,FALSE,0,5,middleweight,0,0,0,0,0,0,0,1,0,0,0,2,16.33333333,12,4,3,65.66666667,28.66666667,0.333333333,0,47.33333333,14.66666667,0.333333333,6.333333333,5,0.333333333,0,70,31.66666667,0.456666667,0,1,0.666666667,0.333333333,71,32.66666667,2,1,11.33333333,8.333333333,11.33333333,7,74.33333333,28.33333333,0.333333333,0,62.33333333,18.66666667,0.333333333,12.33333333,8.333333333,0,0,86,35.33333333,0.453333333,0,0.666666667,0,0,98.33333333,47.33333333,6,542,0,0,0,1,1,0,2,175.26,-15.24,185,1,0,9.35,7.05,11,6.85,103.65,36.4,11.1,6.1,110.25,36.9,0.2,6.15,5.4,0.75,0.1,125.75,49.35,0.4005,0.25,2.85,1.3,0.334,144.15,65.55,4,6,9.65,5.35,6.7,3.35,81.95,22.5,4.85,2.6,75.4,16.8,0.25,8.45,6.3,1.7,0.1,93.5,28.45,0.3185,0.3,3.9,1.45,0.2575,109.05,41.55,50,699.5,1,0,1,5,8,0,14,185.42,185,42,35,0,0,0,1,0,0,1,0,0
Red,0,TRUE,1,5,middleweight,0,0,0,0,0,0,0,1,0,0,0,2,11.11764706,8.117647059,6.294117647,4.352941176,41.94117647,20.47058824,10.05882353,6.117647059,37.88235294,16.23529412,0.705882353,9.294117647,6.588235294,2.352941176,0.117647059,58.29411765,30.94117647,0.541176471,0.470588235,1.294117647,0.823529412,0.361764706,70.23529412,42.47058824,8,4,7.647058824,4.058823529,7.823529412,5.235294118,38.88235294,10.47058824,2.058823529,1.235294118,29.76470588,5.823529412,0.117647059,11.35294118,7.058823529,0.235294118,0.058823529,48.76470588,16.94117647,0.293529412,0.294117647,3.411764706,0.588235294,0.168823529,63.76470588,31.29411765,44,730.8235294,4,0,1,6,5,1,13,185.42,-10.16,185,0,7,3.428571429,2.285714286,5,3,39.28571429,12.85714286,15.42857143,9.428571429,53.42857143,20.42857143,0.428571429,2.857142857,2.571428571,2.571428571,0,59.71428571,25.28571429,0.462857143,1,3.142857143,2.142857143,0.801428571,81.85714286,43.85714286,7,0,6.428571429,4.714285714,6,3.428571429,36.85714286,11.28571429,0.714285714,0.571428571,33.42857143,7.857142857,0,3.714285714,2.714285714,0,0.142857143,43.57142857,15.28571429,0.354285714,0,1,0,0,53.85714286,23.71428571,14,481.7142857,2,0,0,2,3,2,7,187.96,185,36,30,0,0,0,1,0,0,1,0,0
Blue,1,FALSE,0,5,middleweight,0,0,0,0,0,0,0,1,0,0,2,0,5.0625,3.6875,6.875,5,30.75,13.25,10.75,6.875,37.625,16.5625,0.5,5.6875,4.875,1.25,0.1875,48.375,25.125,0.521875,0.8125,2.3125,1.6875,0.496875,59.5,35.3125,4,6,2.3125,1.4375,2.375,1,29.5625,9.0625,5,3.3125,31.1875,9.4375,0.3125,3.4375,2.5,0.9375,0.0625,36.9375,13.375,0.338125,0.4375,3.0625,0.8125,0.18875,62.1875,36.5625,34,546.875,1,0,0,4,4,2,10,182.88,-2.54,185,2,0,6.5,4.375,6,3.5,37.5,17.125,13.25,8.75,45.125,20.625,0.25,5.125,4.375,1.125,0,56.75,29.375,0.5525,0.125,3.5,1.375,0.185,91.625,59.75,4,3,2.75,2,5,3.625,43.25,11.25,7,4.75,49.125,14.5,0.5,3.375,3.125,0.75,0,55.25,19.625,0.3875,0.375,1.875,0.625,0.25,69.625,32.875,14,408.625,0,0,0,2,3,0,5,187.96,185,35,32,0,1,0,0,0,0,1,0,0
Blue,1,FALSE,0,5,middleweight,0,0,0,0,0,0,0,1,0,0,1,0,13.5,5.5,4,1.5,119,53.5,5,3,100,40.5,0,14.5,12,0,0.5,128,58,0.43,0,1.5,0,0,144,73,1,1,11,4.5,1,0,101,20.5,4.5,2.5,88,13.5,0,7.5,5,1,0,106.5,23,0.215,0,2.5,1,0.415,111,27.5,8,1200,0,0,0,1,0,0,1,187.96,10.16,185,1,0,10.41666667,9.166666667,12.75,7.75,25.33333333,8.583333333,20.33333333,13.33333333,43.08333333,16.58333333,0.166666667,4.916666667,3.916666667,0.75,0.25,58.41666667,29.66666667,0.416666667,0.416666667,5.833333333,1.583333333,0.255,74.66666667,43.91666667,4,4,7.166666667,5.5,9.5,5.75,33.75,11.08333333,4.916666667,3.666666667,37.83333333,12.16666667,0.416666667,3.166666667,2.833333333,1,0.166666667,48.16666667,20.5,0.451666667,1.166666667,2.916666667,1.25,0.44,71.75,43,25,549.5,0,0,1,3,4,0,8,182.88,185,28,36,0,1,0,0,0,0,1,0,0
Blue,1,FALSE,0,5,middleweight,0,0,0,0,0,0,0,1,0,0,0,2,7.5,5.5,10,9,41,17,10.5,7.5,36.5,14,0.5,17.5,14,0.5,0.5,61.5,33.5,0.495,0,2,1,0.25,88,57,2,0,5.5,2.5,3,3,28.5,9,0.5,0.5,21.5,6.5,0,5,3.5,0.5,0,32,12.5,0.39,0,2.5,1,0.25,33,13.5,4,590,0,0,0,1,1,0,2,180.34,-2.54,185,0,1,9.421052632,7.210526316,11.47368421,7.105263158,102,36.31578947,11.68421053,6.421052632,109.3157895,37,0.210526316,6.421052632,5.631578947,0.789473684,0.105263158,125.1578947,49.84210526,0.406315789,0.263157895,3,1.368421053,0.351578947,143.7894737,66.21052632,4,5,9.157894737,5,6.684210526,3.210526316,81.94736842,21.78947368,4.210526316,2.263157895,75.26315789,16,0.263157895,8.421052632,6.263157895,1.210526316,0.105263158,92.84210526,27.26315789,0.31,0.315789474,3.526315789,1.263157895,0.247368421,107.3684211,39.73684211,45,657.3684211,1,0,1,5,8,0,14,185.42,185,34,35,0,1,0,0,0,0,1,0,0
Red,0,FALSE,0,5,middleweight,0,0,0,0,0,0,0,1,0,0,0,1,18,7,0,0,148,79,2,1,120,62,0,12,11,0,0,150,80,0.53,0,0,0,0,150,80,1,0,5,3,1,0,105,16,6,2,101,11,0,6,4,0,0,112,18,0.16,0,3,1,0.33,114,20,3,900,0,0,0,1,0,0,1,187.96,5.08,185,0,1,10.75,8.25,6.625,4.625,38.5,20.1875,10.5,6.3125,35.5625,16.25,0.75,9.3125,6.625,2.375,0.125,55.625,31.125,0.558125,0.5,1.25,0.8125,0.353125,67.875,42.9375,8,4,7.5625,4.0625,7.8125,5.375,35.6875,9.375,1.6875,1,26.625,5,0.125,11,6.6875,0.25,0,45.1875,15.75,0.29125,0.3125,3.4375,0.625,0.179375,59.125,29.125,39,682.75,4,0,1,5,5,1,12,185.42,185,28,35,0,1,0,0,0,0,0,1,0
Red,0,FALSE,0,5,middleweight,0,0,0,0,0,0,0,1,0,0,1,0,5.285714286,3.571428571,5.571428571,3.714285714,69,21.85714286,9.142857143,5.285714286,76.85714286,26.14285714,0.571428571,1.571428571,1.142857143,0.285714286,0.142857143,83.71428571,30.85714286,0.397142857,0.285714286,0.857142857,0.428571429,0.237142857,103.8571429,47.42857143,5,2,10.71428571,7.714285714,6.714285714,4.714285714,61,21.14285714,8.714285714,5.714285714,56.57142857,16.42857143,0.142857143,9.142857143,7.428571429,2.571428571,0.142857143,76.42857143,31.57142857,0.42,0,5.714285714,1.571428571,0.302857143,110.7142857,59.71428571,19,774.5714286,0,0,1,2,2,0,5,180.34,-10.16,185,1,0,2,0,0,0,15,6,0,0,8,2,0,5,4,0,0,15,6,0.4,0,1,0,0,15,6,0,1,1,0,0,0,14,4,6,5,18,8,1,1,1,0,0,20,9,0.45,0,0,0,0,21,10,1,152,0,0,0,0,0,0,0,190.5,185,34,29,0,1,0,0,0,0,0,1,0
Red,0,TRUE,1,5,middleweight,0,0,0,0,0,0,0,1,0,0,1,0,7,6,6.294117647,5.470588235,26.29411765,15.47058824,10.05882353,7.823529412,27.70588235,16.05882353,1,7.941176471,6.705882353,0.176470588,0.058823529,42.64705882,28.76470588,0.695294118,0.352941176,0.235294118,0.176470588,0.176470588,52.11764706,37.11764706,16,1,3.117647059,2.058823529,4,2.176470588,26.11764706,6.764705882,11.17647059,6.588235294,33.41176471,10.11764706,0.058823529,4.764705882,3.352941176,0.882352941,0.058823529,41.29411765,15.52941176,0.324117647,0.176470588,3.529411765,0.705882353,0.176470588,67.52941176,38.82352941,37,523.7058824,12,0,0,2,11,3,16,187.96,-2.54,185,0,6,3.5,2.333333333,5.5,3.166666667,44.33333333,14.83333333,12.5,8.166666667,55.5,20.83333333,0.333333333,3.333333333,3,3,0,62.33333333,26.16666667,0.465,1,3.5,2.333333333,0.768333333,85.5,45.5,6,0,6.666666667,4.833333333,6.166666667,3.333333333,41.66666667,12.83333333,0.5,0.333333333,37.83333333,8.833333333,0,3.833333333,2.833333333,0,0.166666667,48.33333333,16.5,0.325,0,1.166666667,0,0,55.33333333,22.33333333,12,499.3333333,1,0,0,2,2,2,6,187.96,185,38,29,0,0,0,1,0,0,1,0,0
Red,0,FALSE,0,5,middleweight,0,0,0,0,0,0,0,1,0,0,0,3,9.625,5.375,7.375,5.125,58.25,22.375,18,13.125,61.625,25.75,0.5,12.375,9.5,3.875,0.125,83.625,40.625,0.49375,0.875,6.125,2.5,0.34625,119.5,72.75,3,3,4.125,2.5,4,2,46.75,11.75,12.125,8.625,53.625,15.875,0.375,5.125,4,2,0.875,62.875,22.375,0.36875,0.25,2.875,0.625,0.0725,82.5,40.5,23,840.625,0,0,0,4,0,1,5,182.88,5.08,185,0,1,13,10,20,18,55,25,17,11,49,21,0,30,23,1,1,92,54,0.58,0,4,2,0.5,145,101,1,0,5,3,6,6,22,5,1,1,22,8,0,2,1,1,0,29,12,0.41,0,4,2,0.5,31,14,3,900,0,0,0,1,0,0,1,180.34,185,30,34,0,1,0,0,0,0,1,0,0
Red,0,FALSE,0,5,middleweight,0,0,0,0,0,0,0,1,0,0,0,1,11.36363636,10,13.90909091,8.454545455,27.36363636,9.363636364,22.18181818,14.54545455,46.90909091,18.09090909,0.181818182,5.181818182,4.272727273,0.818181818,0.272727273,63.45454545,32.36363636,0.454545455,0.454545455,6.363636364,1.727272727,0.278181818,81.18181818,47.90909091,4,3,7.636363636,5.818181818,10.36363636,6.272727273,35.90909091,11.63636364,5.363636364,4,40.81818182,13.09090909,0.363636364,3.181818182,3,1.090909091,0.181818182,51.63636364,21.90909091,0.447272727,1.272727273,3.181818182,1.363636364,0.48,77.36363636,46.45454545,24,582.1818182,0,0,1,3,4,0,8,182.88,-5.08,185,1,0,11.33333333,8.666666667,7.066666667,4.933333333,40.4,21.2,11.2,6.733333333,37.6,17.2,0.733333333,9.733333333,7,2.533333333,0.133333333,58.66666667,32.86666667,0.562,0.533333333,1.333333333,0.866666667,0.376666667,71.73333333,45.46666667,8,4,8.066666667,4.333333333,8.333333333,5.733333333,37.86666667,10,1.8,1.066666667,28.33333333,5.333333333,0.133333333,11.6,7.133333333,0.266666667,0,48,16.8,0.310666667,0.333333333,3.666666667,0.666666667,0.191333333,62.86666667,31.06666667,38,715.6,4,0,1,5,4,1,11,185.42,185,35,35,0,1,0,0,0,0,0,1,0
Blue,1,TRUE,1,5,middleweight,0,0,0,0,0,0,0,1,0,0,0,5,4,2.8,6.6,3.8,48.2,16.2,11.4,8.2,58.2,21.8,0.2,4,3.6,3.4,0,66.2,28.2,0.484,0.8,3.6,2.6,0.856,91.6,49.4,5,0,7.6,5.6,7.4,4,45.2,12.6,0.6,0.4,43,9.8,0,2.6,1.6,0,0.2,53.2,17,0.274,0,1.4,0,0,60,22.8,10,523.6,0,0,0,2,1,2,5,187.96,2.54,185,0,16,7.3125,6.3125,6.6875,5.8125,26.4375,15.5625,10.6875,8.3125,28.6875,16.8125,1.0625,7.8125,6.5625,0.1875,0.0625,43.8125,29.6875,0.7025,0.375,0.25,0.1875,0.1875,53.375,38.1875,16,0,3.25,2.1875,4.25,2.3125,26.1875,6.6875,10.75,6.5,32.875,9.75,0,5.0625,3.5625,0.875,0.0625,41.1875,15.5,0.32125,0.0625,3.5625,0.6875,0.166875,68.3125,39.625,35,532.8125,11,0,0,2,11,3,16,187.96,185,29,38,0,1,0,0,0,0,0,1,0
Red,0,FALSE,0,5,middleweight,0,0,0,0,0,0,0,1,0,0,0,1,10,7.882352941,12.52941176,7.882352941,97.17647059,34.35294118,13.05882353,7.176470588,107.8235294,37.11764706,0.235294118,4.941176471,4.411764706,0.882352941,0.117647059,122.7647059,49.41176471,0.417647059,0.294117647,3.294117647,1.529411765,0.392941176,143.5294118,67.64705882,4,4,8.705882353,4.823529412,7.352941176,3.529411765,80.17647059,21.94117647,4.294117647,2.235294118,74.88235294,16.52941176,0.235294118,8.235294118,6.352941176,1.352941176,0.117647059,91.82352941,27.70588235,0.315882353,0.352941176,3.764705882,1.411764706,0.276470588,108,41.58823529,40,660.7058824,1,0,1,4,8,0,13,185.42,2.54,185,1,0,0.875,0.5625,4.75,2.5625,9.75,3.5,5.8125,4.125,18,8.375,0.375,1.4375,1.25,0.625,0.0625,20.3125,10.1875,0.51125,0.5,0.5,0.375,0.171875,25.75,15.25,3,6,2.25,1.5,5.75,4.1875,11.3125,3.875,9.625,7,19.1875,9.4375,0.1875,5.25,4.125,0.5625,0.0625,26.6875,15.0625,0.444375,0.125,1.6875,0.625,0.194375,43.8125,31,25,344.5625,5,0,0,0,7,2,10,182.88,185,33,35,0,1,0,0,0,0,0,1,0
Blue,1,FALSE,0,5,middleweight,0,0,0,0,0,0,0,1,0,0,0,1,23,17,6,4.5,90.5,39,0.5,0,65.5,20,0,8.5,6.5,0.5,0,97,43.5,0.435,0,1.5,1,0.5,98.5,45,1,1,17,12.5,17,10.5,101,36.5,0.5,0,86.5,25,0.5,15,9.5,0,0,118.5,47,0.395,0,1,0,0,137,65,5,744.5,0,0,0,1,0,0,1,175.26,-15.24,185,0,1,13.31578947,10.42105263,11.89473684,7.947368421,81.78947368,30.73684211,8.894736842,5.736842105,83.89473684,29.10526316,0.526315789,5.368421053,4.894736842,1.105263158,0.157894737,102.5789474,44.42105263,0.454210526,0.105263158,1.157894737,0.736842105,0.271578947,116.2105263,56.73684211,7,5,8.368421053,5.631578947,8.894736842,6.315789474,45.31578947,12.57894737,4.631578947,2.526315789,45.68421053,11.94736842,0.368421053,4.789473684,3.842105263,0.421052632,0,58.84210526,21.42105263,0.386842105,0.421052632,2.789473684,1,0.391052632,72.26315789,32.94736842,45,631.9473684,5,0,0,4,8,1,14,185.42,185,40,38,0,0,0,1,0,0,0,1,0
Blue,1,FALSE,0,5,middleweight,0,0,0,0,0,0,0,1,0,0,0,4,4.5,3,6,2.75,58.5,19.5,9,6,65.5,22.25,0,3.5,3,3,0,73.5,28.25,0.4175,0.5,4,2.75,0.82,99.75,50.25,4,0,9.5,7,9.25,5,54.75,15.75,0.75,0.5,52.25,12.25,0,3,2,0,0.25,64.75,21.25,0.3425,0,1.75,0,0,73,28.25,8,555.25,0,0,0,2,0,2,4,187.96,15.24,185,0,4,10,8.777777778,14.44444444,9,31,10.88888889,20,12,49.55555556,18.11111111,0.222222222,5.888888889,5,0.888888889,0.333333333,65.44444444,31.88888889,0.481111111,0.333333333,6.666666667,1.555555556,0.284444444,79.33333333,43.77777778,4,2,7.333333333,5.888888889,9.888888889,5.666666667,40.66666667,12.66666667,3.888888889,2.777777778,44.44444444,12.77777778,0.333333333,2.666666667,2.444444444,0.666666667,0.111111111,54.44444444,21.11111111,0.401111111,1,3.333333333,1.333333333,0.438888889,80.33333333,46.11111111,19,567.4444444,0,0,1,2,4,0,7,182.88,185,28,34,0,1,0,0,0,0,1,0,0
Red,0,TRUE,1,5,middleweight,0,0,0,0,0,0,0,1,0,0,0,2,8.1,5.3,8,6,41.7,11.9,32.9,19.5,64.5,23.8,0,10,8.3,2.7,0.1,82.6,37.4,0.484,0.2,6.1,3.4,0.523,185.2,126.9,3,4,4.5,3.2,4.1,2.5,32.9,7.9,4.1,2.9,35.6,9.3,0,1,0.8,0.4,0.1,41.1,13.3,0.402,1.8,1.7,0.7,0.224,63.5,34.3,27,733.5,1,0,0,5,0,1,6,185.42,-7.62,205,0,14,7.714285714,6.642857143,6.428571429,5.714285714,28.85714286,17.28571429,10.71428571,8.5,29.35714286,17.35714286,1.071428571,8.928571429,7.5,0.214285714,0.071428571,46,31.5,0.717142857,0.428571429,0.285714286,0.214285714,0.214285714,56.28571429,40.57142857,14,0,2.714285714,1.928571429,3.214285714,1.928571429,27.35714286,6.928571429,10.85714286,6.428571429,33.14285714,9.357142857,0,5.571428571,4,0.857142857,0.071428571,41.42857143,15.28571429,0.304285714,0.071428571,3.571428571,0.714285714,0.172857143,66.35714286,37.07142857,32,559.2857143,10,0,0,2,9,3,14,187.96,185,35,37,0,0,0,1,0,0,0,1,0
Red,0,FALSE,0,5,middleweight,0,0,0,0,0,0,0,1,0,0,1,0,12,9,1,1,34,11,6,4,26,6,0,3,1,1,1,41,16,0.39,0,6,1,0.16,53,28,0,1,17,16,7,6,26,13,61,45,70,41,0,7,7,14,1,94,64,0.68,4,5,5,1,148,117,3,900,0,0,0,0,0,0,0,185.42,-7.62,185,0,3,9.285714286,7.428571429,11.14285714,6.857142857,95.42857143,32.5,12.57142857,6.642857143,105.1428571,34.42857143,0.285714286,4.714285714,4.142857143,0.857142857,0.142857143,119.1428571,46,0.412857143,0.357142857,2.857142857,1.5,0.432142857,133.2142857,57.85714286,4,3,7.428571429,3.714285714,5.642857143,2.285714286,77,20.92857143,3.357142857,1.571428571,70.64285714,15.21428571,0.285714286,7.928571429,5.857142857,1.5,0.071428571,86,24.78571429,0.31,0.428571429,3.285714286,1.357142857,0.288571429,96,33,31,615.5714286,1,0,1,3,7,0,11,185.42,185,30,32,0,1,0,0,0,0,1,0,0
Blue,1,FALSE,0,5,middleweight,0,0,0,0,0,0,0,1,0,0,0,3,9.125,7.875,15.125,9.5,33.5,11.625,15.75,9.875,48.75,17.625,0.25,6.5,5.5,0.625,0.375,64.375,31,0.47625,0.375,6.375,1.125,0.25125,77.75,42.375,3,2,7.875,6.25,9.75,5.625,43.625,13.75,3.5,2.875,46.25,13.375,0.375,2.75,2.625,0.75,0.125,56.875,22.25,0.40875,0.875,3.5,1.25,0.36875,79.375,44.25,17,563.375,0,0,1,2,3,0,6,182.88,-5.08,185,0,1,7.388888889,4.444444444,15.22222222,8.055555556,35.88888889,11.66666667,10.27777778,6.888888889,45.88888889,16.61111111,0.277777778,8.111111111,5.555555556,1.222222222,0,61.38888889,26.61111111,0.463333333,0.444444444,1.555555556,0.833333333,0.365,121.1111111,82.72222222,5,6,6.333333333,4.555555556,11.66666667,6.777777778,31.05555556,12.77777778,4.888888889,2.833333333,38.33333333,15.5,0.277777778,2.944444444,2.333333333,0.833333333,0.055555556,47.61111111,22.38888889,0.481111111,0.388888889,2.555555556,1.166666667,0.35,62.66666667,36.22222222,37,513.0555556,0,0,1,2,7,2,12,180.34,185,33,31,0,1,0,0,0,0,0,1,0
Red,0,TRUE,1,5,middleweight,0,0,0,0,0,0,0,1,0,0,0,3,4.666666667,4,4.916666667,4.333333333,59.58333333,17.25,12.91666667,8.333333333,70.16666667,23.75,0.333333333,2.583333333,2.166666667,3.166666667,0,77.41666667,29.91666667,0.400833333,0.666666667,3.25,1.583333333,0.425,113.6666667,63.5,4,2,6.083333333,3,11.5,9.25,66.41666667,15.83333333,1,0.333333333,57.58333333,9.583333333,0.083333333,15.25,12.83333333,0.416666667,0.166666667,78.91666667,25.41666667,0.323333333,0.25,5,0.833333333,0.17,94.75,40,34,807.5,0,0,1,5,3,0,10,187.96,-5.08,170,0,13,7.384615385,6.307692308,6.230769231,5.538461538,28.46153846,17,10.15384615,8.076923077,28.23076923,16.46153846,1,9.230769231,7.846153846,0.230769231,0.076923077,44.84615385,30.61538462,0.718461538,0.461538462,0.307692308,0.230769231,0.230769231,55.15384615,39.69230769,13,0,2.538461538,1.692307692,2.846153846,1.615384615,26.76923077,6.692307692,11.69230769,6.923076923,32.76923077,9.230769231,0,6,4.307692308,0.923076923,0.076923077,41.30769231,15.23076923,0.299230769,0.076923077,3.769230769,0.769230769,0.186153846,67.30769231,37.84615385,30,569.6923077,9,0,0,2,8,3,13,187.96,185,30,36,0,0,0,1,0,0,0,1,0
Red,0,TRUE,1,5,middleweight,0,0,0,0,0,0,0,1,0,0,0,1,0.666666667,0.5,4.75,2.666666667,8,2.916666667,5.583333333,4,16.58333333,8.083333333,0.333333333,1.083333333,1,0.75,0.083333333,18.33333333,9.583333333,0.531666667,0.5,0.666666667,0.5,0.229166667,22.91666667,13.91666667,3,4,2.083333333,1.5,7.333333333,5.5,8.5,2.666666667,7.666666667,5.583333333,16.66666667,8.166666667,0.083333333,4.75,4.083333333,0.5,0.083333333,23.5,13.75,0.463333333,0.083333333,1.5,0.583333333,0.155,42.5,31.58333333,18,329.4166667,3,0,0,0,6,1,8,182.88,-7.62,185,0,12,8,6.833333333,6.666666667,5.916666667,30.25,18.16666667,10.83333333,8.583333333,29.91666667,17.5,1,9.833333333,8.333333333,0.25,0.083333333,47.75,32.66666667,0.728333333,0.5,0.333333333,0.25,0.25,58.91666667,42.5,12,0,2.75,1.833333333,2.916666667,1.666666667,28,6.833333333,12.58333333,7.5,34.41666667,9.666666667,0,6.333333333,4.5,1,0.083333333,43.5,16,0.290833333,0.083333333,4.083333333,0.833333333,0.201666667,71.66666667,40.5,29,600.0833333,8,0,0,2,7,3,12,187.96,185,33,35,0,0,0,1,0,0,0,1,0
Red,0,TRUE,1,5,middleweight,0,0,0,0,0,0,0,1,0,0,0,3,5.714285714,2.714285714,6.857142857,5.142857143,44.28571429,13,23.57142857,12.85714286,58,18.85714286,0,11,9.428571429,1.571428571,0,74.71428571,31,0.454285714,0,5.857142857,3.285714286,0.511428571,155.7142857,101.1428571,3,3,2.571428571,1.857142857,2.714285714,1.428571429,32,7.428571429,2.428571429,1.428571429,33.85714286,7.857142857,0,0.714285714,0.571428571,0.428571429,0.142857143,37.14285714,10.28571429,0.418571429,2.142857143,1.857142857,0.714285714,0.13,49.14285714,21.85714286,17,644.8571429,0,0,0,4,0,0,4,185.42,-7.62,205,0,11,7.818181818,6.818181818,7.272727273,6.454545455,29.72727273,18.72727273,9.909090909,7.818181818,28.54545455,17.18181818,1.090909091,10.54545455,9,0.181818182,0.090909091,46.90909091,33,0.749090909,0.272727273,0.272727273,0.181818182,0.181818182,55.63636364,40.54545455,11,0,2.181818182,1.272727273,2.818181818,1.545454545,26.18181818,6.181818182,3.181818182,1.636363636,24.63636364,4.363636364,0,5.363636364,3.727272727,0.545454545,0,32.18181818,9.363636364,0.27,0,3.818181818,0.636363636,0.181818182,38.72727273,15.09090909,24,528.2727273,7,0,0,2,7,2,11,187.96,185,33,35,0,0,0,1,0,0,0,1,0
Red,0,TRUE,1,5,middleweight,0,0,0,0,0,0,0,1,0,0,0,1,2.857142857,1.857142857,2.714285714,1.571428571,13.28571429,4.428571429,10.14285714,6.285714286,22.28571429,9.714285714,0,1,0.714285714,2.571428571,0.428571429,26.14285714,12.28571429,0.491428571,1.285714286,3.857142857,1.571428571,0.42,53.57142857,34.57142857,5,1,3.428571429,1.285714286,1.571428571,1.142857143,16.57142857,3.571428571,6.142857143,2.857142857,18.14285714,4.142857143,0.142857143,2.714285714,2.142857143,0.285714286,0.285714286,24.28571429,7.571428571,0.445714286,0.571428571,0.428571429,0.142857143,0.142857143,36.71428571,19.71428571,12,368.8571429,0,0,0,1,0,5,6,185.42,-12.7,170,0,10,7.6,6.9,8,7.1,22.5,14.9,10,8.2,25,16,1.1,7.9,7.3,0.2,0.1,40.5,30.2,0.77,0.3,0.3,0.2,0.2,50,38.4,10,0,2.1,1.4,2.7,1.5,24,6,3.5,1.8,22.5,3.9,0,5.6,4,0.6,0,30.2,9.3,0.278,0,2.9,0.7,0.2,37.3,15.5,19,431.1,6,0,0,1,7,2,10,187.96,185,32,34,0,0,0,1,0,0,0,1,0
Red,0,TRUE,1,5,middleweight,0,0,0,0,0,0,0,1,0,0,0,5,3.333333333,2.166666667,3,1.833333333,38.83333333,11.16666667,12.83333333,8.833333333,48.16666667,16.66666667,0.333333333,3.166666667,3,3.666666667,0,54.66666667,21.83333333,0.391666667,1.666666667,5,1.666666667,0.393333333,76.33333333,42.5,5,1,6.333333333,4.5,6.833333333,5.166666667,41.16666667,16.83333333,5.5,3.666666667,44,18,0.166666667,3.166666667,3.166666667,0.333333333,0,53.5,25.66666667,0.421666667,0.5,1.166666667,0.833333333,0.118333333,59.83333333,31.66666667,12,539.1666667,0,0,1,1,0,3,5,185.42,2.54,185,0,8,8,7.5,9.25,8.25,12.75,9.5,8.125,6.625,19.375,14.125,1,2.75,2.75,0.25,0.125,30.125,24.375,0.81375,0.375,0.375,0.25,0.25,40,33.125,8,0,1.75,1.625,3,1.875,18.625,5.875,4.125,2.25,18.5,4.375,0,5.5,4,0.625,0,25.75,10,0.31625,0,1.875,0.75,0.24125,33.25,16.625,13,326,5,0,0,0,6,2,8,187.96,185,27,34,0,1,0,0,0,0,0,1,0
Red,0,TRUE,1,5,middleweight,0,0,0,0,0,0,0,1,0,0,0,4,4.125,3,10.625,6.375,25.625,10.625,8.375,5.75,35.375,15.25,0.5,5.125,4.5,0.75,0.125,44.625,22.75,0.44125,0.125,1,0.25,0.10375,53.125,31,4,4,5,4.125,9.625,5,21,6.5,13.875,8.5,36.125,13.75,0,3.375,2.125,1.875,0.125,44.5,20,0.39125,0.875,3.875,1.25,0.275,89.25,61.875,18,610.25,1,0,1,1,2,0,4,180.34,-15.24,170,0,7,7.714285714,7.285714286,9.142857143,8.428571429,10.42857143,7.857142857,9.142857143,7.428571429,19.14285714,14.57142857,1.142857143,1.857142857,1.857142857,0.285714286,0.142857143,28.71428571,23.71428571,0.827142857,0.428571429,0.285714286,0.142857143,0.142857143,39.14285714,33.28571429,7,0,1.714285714,1.571428571,2.857142857,2,15.14285714,4.857142857,4.428571429,2.285714286,17.28571429,4.571428571,0,3.428571429,3,0.714285714,0,22.42857143,9.142857143,0.315714286,0,1.714285714,0.857142857,0.275714286,30.71428571,16.42857143,10,281.2857143,4,0,0,0,5,2,7,187.96,185,28,33,0,1,0,0,0,0,0,1,0
Red,0,TRUE,1,5,middleweight,0,0,0,0,0,0,0,1,0,0,1,0,10.66666667,9.666666667,28,21,19.66666667,6.666666667,16,12,45.66666667,23,0.333333333,7.333333333,7,1.333333333,0.333333333,63.66666667,39.66666667,0.62,1.333333333,4,2.333333333,0.79,97.33333333,70.66666667,2,1,11.66666667,11.33333333,13,10,38.33333333,24.66666667,11.66666667,8.666666667,38.33333333,20,1.333333333,13,12,2.666666667,0,63,43.33333333,0.676666667,0.333333333,2,1.333333333,0.44,107,86,9,1100,2,0,1,1,0,0,2,180.34,-7.62,185,0,5,7.6,7,11.6,10.8,9.2,7.2,5,3.2,16.6,12.6,1.4,1.6,1.6,0,0.2,25.8,21.2,0.8,0.4,0.4,0.2,0.2,34.6,29.2,5,0,2.2,2,1.8,1.4,17.2,5.6,3.8,1.8,17.8,4.2,0,2.8,2.6,0.6,0,22.8,8.8,0.342,0,1.8,1,0.32,27.4,12.6,7,263.2,3,0,0,0,4,1,5,187.96,185,37,32,0,1,0,0,0,0,0,1,0
Red,0,TRUE,1,5,middleweight,0,0,0,0,0,0,0,1,0,0,0,2,13,9.9,17,11.5,64.6,24.1,14.1,9.3,78.5,31.3,0.7,4.2,3.7,1.8,0.3,95.7,44.9,0.499,0.2,1.3,1,0.316,113.8,61.7,7,1,10.2,7,9.8,7.1,27.1,7.1,0.5,0.4,24.6,5.3,0.3,2.6,2.3,0.3,0,37.4,14.6,0.409,0.7,2.2,0.6,0.379,46.3,22.8,22,584.3,4,0,0,2,5,1,9,185.42,-5.08,185,0,4,6.5,6,7.25,6.75,7.5,6,5.75,4,13,9.75,1,1,1,0,0.25,20.5,16.75,0.795,0.5,0.25,0.25,0.25,31,26.5,4,0,1,0.75,1,0.5,8.75,2.75,4.75,2.25,12,3.25,0,1.5,1.5,0.75,0,14.5,5.5,0.33,0,1.75,1,0.275,19.75,10,5,237.25,2,0,0,0,3,1,4,187.96,185,33,32,0,0,0,1,0,0,0,1,0
Red,0,TRUE,1,5,middleweight,0,0,0,0,0,0,0,1,0,0,0,4,5.5,3.75,7.25,5,51.5,22,14,8.75,56.75,23,1,10.5,9,3.5,0.5,72.75,35.75,0.4725,1.5,3,2.75,0.915,86.75,48.75,4,0,4.5,2.75,2,0.75,47.25,16,2.5,1,38,8.25,0.25,9.25,6.75,0.5,0,51.75,17.75,0.3225,0,5.5,0.5,0.0625,77.5,42.75,11,768.5,0,0,0,3,0,1,4,182.88,-7.62,185,0,3,8.333333333,7.666666667,9.666666667,9,8.333333333,6.666666667,4.333333333,3.333333333,12.66666667,10,1,1.333333333,1.333333333,0,0.333333333,22.33333333,19,0.84,0.666666667,0,0,0,29.66666667,25.33333333,3,0,1,0.666666667,1.333333333,0.666666667,9.666666667,3,4.666666667,2.666666667,13,4,0,1.666666667,1.666666667,0.666666667,0,15.66666667,6.333333333,0.35,0,1.666666667,1,0.2,18.66666667,9.333333333,4,219.6666667,1,0,0,0,2,1,3,187.96,185,28,32,0,1,0,0,0,0,0,1,0
Red,0,TRUE,1,5,middleweight,0,0,0,0,0,0,0,1,0,0,0,7,15.57142857,12.14285714,20.85714286,13.85714286,73.14285714,27.85714286,12.14285714,8.857142857,87.57142857,36,1,3,2.428571429,1.857142857,0.285714286,106.1428571,50.57142857,0.522857143,0.285714286,1.285714286,1.142857143,0.261428571,128.4285714,71.28571429,7,0,9.857142857,5.857142857,7.714285714,4.571428571,28.28571429,7.142857143,0,0,25.71428571,5.571428571,0.285714286,0.428571429,0.285714286,0.142857143,0,36,11.71428571,0.337142857,0.571428571,1.285714286,0.571428571,0.457142857,44.42857143,19.42857143,16,594.8571429,3,0,0,1,4,1,7,185.42,-5.08,185,0,1,0,0,1,1,14,13,5,3,20,17,2,0,0,0,0,20,17,0.85,0,0,0,0,20,17,1,0,0,0,0,0,8,1,0,0,8,1,0,0,0,0,0,8,1,0.12,0,0,0,0,8,1,1,49,0,0,0,0,1,0,1,187.96,185,32,31,0,0,0,1,0,0,0,1,0
Red,0,TRUE,1,5,middleweight,0,0,0,0,0,0,0,1,0,0,0,3,2.8,1.8,11.4,6.4,14.4,3.4,15.4,10.4,36.4,16.8,0.6,2,1.6,0.8,0.4,41.2,20.2,0.524,0.2,1,0.2,0.1,49.2,27.8,3,1,8.4,7.6,17.4,13.2,16.8,6,3,2.4,22.4,8.8,0.2,6.4,5.2,1.8,0,37.2,21.6,0.534,0.6,1.6,1,0.416,70.4,49.4,9,484,0,0,0,0,2,0,4,182.88,2.54,185,0,6,9.666666667,7.166666667,16.66666667,10.83333333,56.66666667,20.16666667,9.833333333,6.833333333,70.5,28.33333333,0.833333333,3,2.333333333,0.833333333,0.166666667,83.16666667,37.83333333,0.523333333,0.333333333,0.5,0.5,0.166666667,93.33333333,48,6,0,9,5.166666667,7.5,4.666666667,22.5,5.5,0,0,20.5,4.666666667,0.166666667,0.5,0.333333333,0.166666667,0,30,10.16666667,0.345,0.666666667,1.333333333,0.5,0.366666667,38.83333333,18.33333333,11,444,2,0,0,0,4,1,6,185.42,185,26,31,0,1,0,0,0,0,0,1,0
Red,0,TRUE,1,5,middleweight,0,0,0,0,0,0,0,1,0,0,0,3,4.666666667,4,3.666666667,2,33.66666667,15,2.666666667,2.333333333,33.66666667,14.33333333,1,1.666666667,1,0,0,40,19.33333333,0.476666667,0,0,0,0,49,28.33333333,3,0,1.666666667,0.666666667,2.333333333,1,19.33333333,5,0,0,15.33333333,2,0,4.666666667,3.333333333,0,0,21.66666667,6,0.253333333,0,0,0,0,23.66666667,7.666666667,3,132,0,0,0,0,3,0,3,182.88,-7.62,185,0,5,11.2,8.2,19.4,12.4,62.2,22.6,11.4,7.8,78.6,32,0.6,3.2,2.6,1,0.2,93,42.8,0.552,0.4,0.6,0.6,0.2,104.8,54.6,5,0,10.4,6,8.2,5.2,23.8,6.2,0,0,21.2,5,0.2,0.4,0.4,0.2,0,32,11.4,0.374,0.8,1.6,0.6,0.44,42.6,21.2,10,502,1,0,0,0,3,1,5,185.42,185,33,31,1,0,0,0,0,0,0,1,0
Red,0,TRUE,1,5,middleweight,0,0,0,0,0,0,0,1,0,0,0,4,7.083333333,5.916666667,6.75,5.416666667,11.83333333,6.666666667,16.41666667,12.25,25.08333333,16,0,2.833333333,2.416666667,1.25,0,35,24.33333333,0.613333333,0.833333333,2,1,0.355,51.5,39.83333333,4,2,1.916666667,1.833333333,4.333333333,3.166666667,13.66666667,4.333333333,2.416666667,1.166666667,17.25,5.833333333,0.25,1.25,1,0.416666667,0,20.41666667,8.666666667,0.4825,0.25,0.75,0.583333333,0.388333333,33.08333333,20.25,17,343.75,2,0,0,2,4,3,10,182.88,-2.54,185,0,4,9.5,7.5,17.75,11.75,17.5,7.75,13,9.75,37,20.25,0.75,1.75,1.5,1.25,0,48.25,29.25,0.6025,0.25,0.75,0.75,0.25,61.25,42.25,4,0,7.25,5.25,8.25,5.75,8,2.25,0,0,8.75,2.5,0,0.25,0.25,0.25,0,16.25,8,0.4025,0.75,0.75,0.5,0.5,28.5,19.75,6,351.25,0,0,0,0,3,1,4,185.42,185,34,30,0,1,0,0,0,0,0,1,0
Red,0,TRUE,1,5,middleweight,0,0,0,0,0,0,0,1,0,0,0,1,0,0,0,0,2,1,5,4,7,5,1,0,0,0,0,7,5,0.71,0,0,0,0,7,5,1,0,0,0,0,0,1,0,0,0,1,0,0,0,0,0,0,1,0,0,0,0,0,0,1,0,1,24,0,0,0,0,1,0,1,185.42,-2.54,185,0,3,7.636363636,6.363636364,7.272727273,5.818181818,12.90909091,7.272727273,15.45454545,11.72727273,24.90909091,15.81818182,0,3.090909091,2.636363636,1.272727273,0,35.63636364,24.81818182,0.608181818,0.909090909,2.181818182,1.090909091,0.387272727,49.18181818,37.81818182,3,2,2.090909091,2,4.272727273,3.181818182,14.54545455,4.636363636,2.636363636,1.272727273,18.18181818,6.090909091,0.272727273,1.181818182,1,0.454545455,0,21.45454545,9.090909091,0.486363636,0.181818182,0.636363636,0.454545455,0.332727273,35.09090909,21.72727273,16,350,1,0,0,2,3,3,9,182.88,185,27,33,0,0,0,1,0,0,1,0,0
Red,0,TRUE,1,5,middleweight,0,0,0,0,0,0,0,1,0,0,0,4,4.25,3.25,11,8.5,9,3.75,32.25,20.25,42.5,25,0,5.5,4.25,2.75,0.25,52.25,32.5,0.585,0,3.75,2.5,0.61,133,108.5,4,0,2.25,1.75,7.5,5,7,2.5,4.25,3,15.5,7.75,0.25,1,1,0.25,0.5,18.75,10.5,0.3975,0.5,0.75,0,0,32.75,24.25,8,532,0,1,0,0,2,0,4,182.88,0,185,0,1,1,1,2.666666667,1.333333333,10,5.666666667,8.333333333,4.666666667,19.66666667,10.33333333,0.333333333,0.333333333,0.333333333,2.666666667,0,21,11.66666667,0.59,0.333333333,10.33333333,2.666666667,0.46,28,17.33333333,1,1,2.666666667,2,3.333333333,3,31.66666667,7.666666667,4,3,29.33333333,6,0.333333333,7,5.666666667,0,0.333333333,39,13.66666667,0.253333333,0,0,0,0,42.33333333,17,7,525,1,0,0,0,1,1,2,187.96,183,31,35,0,0,0,1,0,0,1,0,0
Red,0,TRUE,1,5,middleweight,0,0,0,0,0,0,0,1,0,0,0,2,14,12,36,23.5,52.5,16,23.5,14,85.5,32,0,12.5,9.5,1,1,112,53.5,0.465,2.5,0.5,0.5,0.5,220,155,2,0,4,2.5,6,4,17.5,4.5,0,0,18,4.5,0,1.5,1.5,1,0,23.5,8.5,0.36,0,15.5,4,0.22,93.5,77,8,1200,1,0,0,2,0,0,2,177.8,-10.16,170,1,0,1,1,2.5,1.5,12.5,6.5,10.5,5,24,11.5,0,0.5,0.5,3.5,0,25.5,13,0.51,0.5,12,3,0.55,33.5,19,1,1,1.5,0.5,1,1,35,8,6,4.5,34,7.5,0.5,6.5,5.5,0,0.5,42,13.5,0.17,0,0,0,0,42.5,14,5,615.5,0,0,0,0,0,1,1,187.96,183,27,35,0,1,0,0,0,0,1,0,0
